sensor; pin; pulses; LPO; avg pulse length; minduration; maxduration; glighttime; altitude;gpstime 
0;low;0;0;0;0;0;;;
0;high;5;0.01;31;2;53;1034.01;00:00:30;19:11:52
1;low;1;0.08;2499;2499;2499;;;
1;high;0;0;0;0;0;1034.01;00:00:30;19:11:52
0;low;11;0.04;105;6;285;;;
0;high;13;0.08;188;1;484;1036.3;00:01:00;19:12:23
1;low;7;0.22;926;190;4228;;;
1;high;3;0.05;514;476;562;1036.3;00:01:00;19:12:23
0;low;4;0.02;166;34;356;;;
0;high;12;0.07;164;5;517;1043.85;00:01:30;19:12:52
1;low;1;0.01;387;387;387;;;
1;high;0;0;0;0;0;1043.85;00:01:30;19:12:52
0;low;30;0.25;253;22;757;;;
0;high;46;0.41;266;9;1154;1163.26;00:02:00;19:13:23
1;low;16;0.19;361;79;741;;;
1;high;2;0.01;157;93;222;1163.26;00:02:00;19:13:23
0;low;39;0.41;316;5;1132;;;
0;high;51;0.62;364;17;1266;1463.09;00:02:30;19:13:54
1;low;36;0.38;315;23;961;;;
1;high;18;0.17;279;44;587;1463.09;00:02:30;19:13:54
0;low;33;0.45;412;2;1063;;;
0;high;45;0.64;424;2;1264;1675.34;00:03:00;19:14:24
1;low;20;0.37;550;108;1579;;;
1;high;9;0.07;217;73;592;1675.34;00:03:00;19:14:24
0;low;56;0.42;225;3;831;;;
0;high;61;0.64;316;14;1136;1941.06;00:03:30;19:14:54
1;low;29;0.29;295;62;832;;;
1;high;12;0.13;331;55;801;1941.06;00:03:30;19:14:54
0;low;50;0.47;280;1;1027;;;
0;high;46;0.64;417;13;1450;2273.7;00:04:00;19:15:24
1;low;30;0.44;443;17;1439;;;
1;high;25;0.3;357;44;997;2273.7;00:04:00;19:15:24
0;low;42;0.41;292;8;917;;;
0;high;51;0.55;324;8;1069;2542.04;00:04:30;19:15:54
1;low;17;0.21;377;59;1011;;;
1;high;9;0.09;312;112;603;2542.04;00:04:30;19:15:54
0;low;36;0.29;239;19;728;;;
0;high;40;0.59;442;3;1737;2755.93;00:05:01;19:16:24
1;low;24;0.46;568;30;1538;;;
1;high;19;0.5;782;60;1419;2755.93;00:05:01;19:16:24
0;low;4;0.01;99;40;183;;;
0;high;9;0.04;136;14;582;2992.13;00:05:31;19:16:54
1;low;4;0.29;2190;1440;2992;;;
1;high;4;0.17;1297;61;1855;2992.13;00:05:31;19:16:54
0;low;26;0.23;265;23;939;;;
0;high;0;0;0;0;0;3323.13;00:06:01;19:17:24
1;low;10;0.4;1188;235;2982;;;
1;high;10;0.31;935;69;1699;3323.13;00:06:01;19:17:24
0;low;19;0.16;250;50;810;;;
0;high;0;0;0;0;0;3558.99;00:06:31;19:17:54
1;low;8;0.38;1435;232;5925;;;
1;high;2;0.05;712;163;1261;3558.99;00:06:31;19:17:54
0;low;28;0.3;321;13;887;;;
0;high;0;0;0;0;0;3801.42;00:07:01;19:18:24
1;low;9;0.36;1196;436;1637;;;
1;high;7;0.2;852;68;1723;3801.42;00:07:01;19:18:24
0;low;21;0.25;364;90;892;;;
0;high;0;0;0;0;0;4012.35;00:07:31;19:18:54
1;low;8;0.25;925;185;2573;;;
1;high;4;0.11;832;154;2231;4012.35;00:07:31;19:18:54
0;low;25;0.23;272;32;967;;;
0;high;0;0;0;0;0;4268.56;00:08:01;19:19:24
1;low;8;0.31;1175;371;3217;;;
1;high;1;0.01;422;422;422;4268.56;00:08:01;19:19:24
0;low;26;0.28;328;49;910;;;
0;high;0;0;0;0;0;4473.92;00:08:31;19:19:54
1;low;15;0.31;613;64;1688;;;
1;high;6;0.28;1420;521;3212;4473.92;00:08:31;19:19:54
0;low;23;0.21;278;1;864;;;
0;high;0;0;0;0;0;4679.93;00:09:01;19:20:24
1;low;9;0.46;1527;57;9675;;;
1;high;3;0.1;963;662;1273;4679.93;00:09:01;19:20:24
0;low;35;0.39;331;24;891;;;
0;high;0;0;0;0;0;4874.47;00:09:32;19:20:55
1;low;14;0.22;475;148;783;;;
1;high;9;0.24;802;325;1091;4874.47;00:09:32;19:20:55
0;low;40;0.32;243;17;580;;;
0;high;0;0;0;0;0;5147.07;00:10:02;19:21:24
1;low;17;0.42;733;184;2757;;;
1;high;9;0.24;811;164;1796;5147.07;00:10:02;19:21:24
0;low;34;0.36;321;36;885;;;
0;high;0;0;0;0;0;5425.26;00:10:32;19:21:55
1;low;11;0.29;804;91;3770;;;
1;high;9;0.23;757;91;1127;5425.26;00:10:32;19:21:55
0;low;32;0.32;295;8;857;;;
0;high;0;0;0;0;0;5681.14;00:11:02;19:22:24
1;low;10;0.4;1194;274;2408;;;
1;high;6;0.24;1178;186;2480;5681.14;00:11:02;19:22:24
0;low;43;0.33;232;10;710;;;
0;high;0;0;0;0;0;5896.99;00:11:32;19:22:55
1;low;13;0.32;731;56;1902;;;
1;high;12;0.2;504;93;686;5896.99;00:11:32;19:22:55
0;low;33;0.28;252;7;614;;;
0;high;0;0;0;0;0;6093.49;00:12:02;19:23:24
1;low;10;0.18;542;70;1462;;;
1;high;2;0.04;590;566;614;6093.49;00:12:02;19:23:24
0;low;37;0.27;214;16;649;;;
0;high;0;0;0;0;0;6343.14;00:12:32;19:23:55
1;low;9;0.2;676;436;1036;;;
1;high;1;0.02;629;629;629;6343.14;00:12:32;19:23:55
0;low;47;0.26;167;18;624;;;
0;high;0;0;0;0;0;6592.45;00:13:02;19:24:24
1;low;17;0.3;528;53;1205;;;
1;high;2;0.03;466;446;487;6592.45;00:13:02;19:24:24
0;low;36;0.27;225;30;679;;;
0;high;0;0;0;0;0;6853.91;00:13:32;19:24:55
1;low;14;0.24;503;30;883;;;
1;high;4;0.08;563;97;1355;6853.91;00:13:32;19:24:55
0;low;50;0.37;221;2;853;;;
0;high;0;0;0;0;0;7208.53;00:14:02;19:25:24
1;low;18;0.32;537;77;1433;;;
1;high;16;0.32;592;51;3406;7208.53;00:14:03;19:25:24
0;low;31;0.36;352;17;840;;;
0;high;0;0;0;0;0;7488.68;00:14:33;19:25:56
1;low;10;0.27;806;19;2704;;;
1;high;13;0.42;959;108;3161;7488.68;00:14:33;19:25:56
0;low;24;0.17;211;32;624;;;
0;high;0;0;0;0;0;7699.94;00:15:03;19:26:26
1;low;8;0.11;414;33;786;;;
1;high;4;0.16;1188;1013;1363;7699.94;00:15:03;19:26:26
0;low;16;0.11;199;35;352;;;
0;high;0;0;0;0;0;7936.14;00:15:33;19:26:56
1;low;4;0.07;496;156;946;;;
1;high;3;0.12;1168;1074;1272;7936.14;00:15:33;19:26:56
0;low;21;0.11;163;13;366;;;
0;high;0;0;0;0;0;8173.32;00:16:03;19:27:26
1;low;8;0.69;2585;195;15769;;;
1;high;3;0.09;943;469;1502;8173.32;00:16:03;19:27:26
0;low;50;0.31;183;6;734;;;
0;high;0;0;0;0;0;8434.77;00:16:33;19:27:56
1;low;13;0.25;570;137;1187;;;
1;high;6;0.06;277;88;494;8434.77;00:16:33;19:27:56
0;low;51;0.38;221;12;561;;;
0;high;0;0;0;0;0;8807.43;00:17:03;19:28:26
1;low;20;0.43;640;157;1666;;;
1;high;19;0.34;530;78;1083;8807.43;00:17:03;19:28:26
0;low;47;0.36;226;14;785;;;
0;high;0;0;0;0;0;9089.88;00:17:33;19:28:56
1;low;15;0.4;803;151;3389;;;
1;high;13;0.19;432;76;1420;9089.88;00:17:33;19:28:56
0;low;25;0.27;320;30;1012;;;
0;high;0;0;0;0;0;9336.25;00:18:03;19:29:26
1;low;10;0.2;591;200;1421;;;
1;high;6;0.31;1552;966;2903;9336.25;00:18:03;19:29:26
0;low;19;0.24;382;35;952;;;
0;high;0;0;0;0;0;9627.88;00:18:33;19:29:56
1;low;6;0.46;2297;521;10027;;;
1;high;4;0.12;909;203;1891;9627.88;00:18:33;19:29:56
0;low;26;0.23;263;27;732;;;
0;high;0;0;0;0;0;9904.75;00:19:04;19:30:26
1;low;14;0.19;409;41;739;;;
1;high;6;0.36;1813;82;5285;9904.75;00:19:04;19:30:26
0;low;30;0.27;270;13;883;;;
0;high;0;0;0;0;0;10248.22;00:19:34;19:30:56
1;low;7;0.26;1109;465;1944;;;
1;high;7;0.15;644;209;1267;10248.22;00:19:34;19:30:56
0;low;33;0.3;271;12;890;;;
0;high;0;0;0;0;0;10531;00:20:04;19:31:27
1;low;14;0.49;1042;39;2874;;;
1;high;6;0.23;1170;280;3311;10531;00:20:04;19:31:27
0;low;29;0.27;282;28;1060;;;
0;high;0;0;0;0;0;10877.09;00:20:34;19:31:56
1;low;12;0.26;651;29;3241;;;
1;high;8;0.39;1450;68;4816;10877.09;00:20:34;19:31:56
0;low;36;0.32;264;6;822;;;
0;high;0;0;0;0;0;11128.04;00:21:04;19:32:27
1;low;11;0.21;568;121;1859;;;
1;high;8;0.14;536;149;822;11128.04;00:21:04;19:32:27
0;low;45;0.35;234;20;1236;;;
0;high;0;0;0;0;0;11458.06;00:21:34;19:32:56
1;low;14;0.21;440;56;1432;;;
1;high;6;0.08;411;164;642;11458.06;00:21:34;19:32:56
0;low;32;0.26;243;10;536;;;
0;high;0;0;0;0;0;11773.64;00:22:04;19:33:27
1;low;14;0.38;812;104;2520;;;
1;high;6;0.11;571;272;939;11773.64;00:22:04;19:33:27
0;low;52;0.47;268;15;832;;;
0;high;0;0;0;0;0;12099.07;00:22:34;19:33:56
1;low;18;0.38;627;91;1921;;;
1;high;17;0.29;516;76;1186;12099.07;00:22:34;19:33:56
0;low;34;0.29;251;6;659;;;
0;high;0;0;0;0;0;12453.03;00:23:04;19:34:27
1;low;14;0.49;1039;90;5287;;;
1;high;9;0.21;709;173;1718;12453.03;00:23:04;19:34:27
0;low;35;0.36;310;35;831;;;
0;high;0;0;0;0;0;12699.72;00:23:35;19:34:56
1;low;14;0.31;673;88;1818;;;
1;high;12;0.26;642;161;1465;12699.72;00:23:35;19:34:56
0;low;30;0.51;514;32;1262;;;
0;high;0;0;0;0;0;12934.93;00:24:05;19:35:27
1;low;14;0.32;689;50;1150;;;
1;high;13;0.56;1296;146;3479;12934.93;00:24:05;19:35:27
0;low;34;0.3;266;12;814;;;
0;high;0;0;0;0;0;13214.43;00:24:35;19:35:58
1;low;15;0.32;638;98;2391;;;
1;high;11;0.32;884;115;1559;13214.43;00:24:35;19:35:58
0;low;24;0.31;386;50;863;;;
0;high;0;0;0;0;0;13472.28;00:25:05;19:36:28
1;low;8;0.13;468;50;847;;;
1;high;2;0.03;508;169;847;13472.28;00:25:05;19:36:28
0;low;43;0.45;314;30;1220;;;
0;high;0;0;0;0;0;13772.77;00:25:35;19:36:58
1;low;17;0.5;873;133;2635;;;
1;high;15;0.36;725;74;2382;13772.77;00:25:35;19:36:58
0;low;33;0.4;362;11;991;;;
0;high;0;0;0;0;0;14025.04;00:26:05;19:37:28
1;low;18;0.4;664;120;1756;;;
1;high;10;0.32;965;208;1772;14025.04;00:26:05;19:37:28
0;low;30;0.47;465;18;1289;;;
0;high;0;0;0;0;0;14354.07;00:26:35;19:37:58
1;low;11;0.38;1041;422;1593;;;
1;high;11;0.49;1347;356;4385;14354.07;00:26:35;19:37:58
0;low;37;0.45;362;23;845;;;
0;high;0;0;0;0;0;14655.22;00:27:05;19:38:28
1;low;13;0.36;839;247;2123;;;
1;high;14;0.38;823;283;2352;14655.22;00:27:05;19:38:28
0;low;26;0.25;286;27;632;;;
0;high;0;0;0;0;0;14974.41;00:27:35;19:38:58
1;low;12;0.4;1000;48;2835;;;
1;high;9;0.26;880;298;1764;14974.41;00:27:35;19:38:58
0;low;27;0.4;447;48;998;;;
0;high;0;0;0;0;0;15185.01;00:28:06;19:39:28
1;low;8;0.26;986;429;1656;;;
1;high;10;0.27;811;292;1864;15185.01;00:28:06;19:39:28
0;low;37;0.39;313;37;789;;;
0;high;0;0;0;0;0;15526.51;00:28:36;19:39:58
1;low;16;0.37;696;225;1813;;;
1;high;11;0.19;515;191;789;15526.51;00:28:36;19:39:58
0;low;46;0.34;220;15;628;;;
0;high;0;0;0;0;0;15945.1;00:29:06;19:40:28
1;low;18;0.41;681;189;3007;;;
1;high;21;0.32;453;59;1120;15945.1;00:29:06;19:40:28
0;low;39;0.32;249;22;1311;;;
0;high;0;0;0;0;0;16312.84;00:29:36;19:40:59
1;low;14;0.38;811;157;2755;;;
1;high;16;0.4;755;119;1535;16312.84;00:29:36;19:40:59
0;low;21;0.27;380;24;1083;;;
0;high;0;0;0;0;0;16626.46;00:30:06;19:41:28
1;low;6;0.24;1186;840;1719;;;
1;high;6;0.43;2167;1148;3936;16626.46;00:30:06;19:41:28
0;low;34;0.3;267;23;806;;;
0;high;0;0;0;0;0;16944.01;00:30:36;19:41:59
1;low;12;0.4;997;339;1892;;;
1;high;15;0.66;1325;109;3844;16944.01;00:30:36;19:41:59
0;low;8;0.05;183;93;266;;;
0;high;0;0;0;0;0;17175.61;00:31:06;19:42:28
1;low;3;0.64;6363;146;17117;;;
1;high;4;0.61;4595;166;16917;17175.61;00:31:06;19:42:28
0;low;28;0.27;289;19;853;;;
0;high;0;0;0;0;0;17575.17;00:31:36;19:42:59
1;low;13;0.35;803;82;1990;;;
1;high;9;0.36;1200;187;2667;17575.17;00:31:36;19:42:59
0;low;41;0.48;351;2;1381;;;
0;high;0;0;0;0;0;17998.68;00:32:06;19:43:28
1;low;16;0.41;767;155;1850;;;
1;high;16;0.57;1059;175;2837;17998.68;00:32:06;19:43:28
0;low;26;0.31;354;39;1101;;;
0;high;0;0;0;0;0;18393.65;00:32:37;19:43:59
1;low;10;0.56;1693;175;5187;;;
1;high;10;0.35;1065;352;2690;18393.65;00:32:37;19:43:59
0;low;30;0.23;232;2;1033;;;
0;high;0;0;0;0;0;18726.95;00:33:07;19:44:28
1;low;12;0.64;1609;82;3573;;;
1;high;9;0.67;2222;1066;4171;18726.95;00:33:07;19:44:28
0;low;10;0.09;281;108;452;;;
0;high;0;0;0;0;0;18966.75;00:33:37;19:44:59
1;low;4;0.18;1357;220;2827;;;
1;high;3;0.45;4540;450;12190;18966.75;00:33:37;19:44:59
0;low;25;0.25;294;4;1380;;;
0;high;0;0;0;0;0;19295.13;00:34:07;19:45:28
1;low;10;0.34;1033;214;2511;;;
1;high;8;0.26;968;171;2885;19295.13;00:34:07;19:45:28
0;low;54;0.41;227;8;1336;;;
0;high;0;0;0;0;0;19578.89;00:34:37;19:46:00
1;low;17;0.34;592;53;1445;;;
1;high;9;0.23;762;287;1806;19578.89;00:34:37;19:46:00
0;low;53;0.43;246;6;1215;;;
0;high;0;0;0;0;0;19897.42;00:35:07;19:46:30
1;low;15;0.38;769;94;2093;;;
1;high;10;0.24;722;153;1936;19897.42;00:35:07;19:46:30
0;low;53;0.41;233;6;1270;;;
0;high;0;0;0;0;0;20267.79;00:35:37;19:47:00
1;low;16;0.54;1006;169;2403;;;
1;high;14;0.49;1042;109;5573;20267.79;00:35:37;19:47:00
0;low;18;0.17;277;16;667;;;
0;high;0;0;0;0;0;20616.18;00:36:07;19:47:30
1;low;9;0.24;812;125;1625;;;
1;high;7;0.58;2491;244;9212;20616.18;00:36:07;19:47:30
0;low;44;0.46;310;2;1246;;;
0;high;0;0;0;0;0;20955.71;00:36:37;19:48:00
1;low;18;0.55;916;175;1866;;;
1;high;18;0.52;864;61;2146;20955.71;00:36:37;19:48:00
0;low;48;0.39;244;7;783;;;
0;high;0;0;0;0;0;21276.21;00:37:08;19:48:30
1;low;14;0.52;1103;65;2460;;;
1;high;13;0.4;923;80;2500;21276.21;00:37:08;19:48:30
0;low;26;0.38;433;10;1168;;;
0;high;0;0;0;0;0;21575.72;00:37:38;19:49:00
1;low;16;0.54;1015;69;3146;;;
1;high;13;0.6;1377;288;3407;21575.72;00:37:38;19:49:00
0;low;30;0.44;440;12;1304;;;
0;high;0;0;0;0;0;21906.06;00:38:08;19:49:30
1;low;14;0.5;1075;103;1936;;;
1;high;10;0.48;1440;514;3365;21906.06;00:38:08;19:49:30
0;low;33;0.47;430;24;1095;;;
0;high;0;0;0;0;0;22189.82;00:38:38;19:50:00
1;low;16;0.43;810;241;1669;;;
1;high;11;0.47;1288;86;2903;22189.82;00:38:38;19:50:00
0;low;42;0.43;307;4;1125;;;
0;high;0;0;0;0;0;22494.25;00:39:08;19:50:30
1;low;9;0.15;498;79;1160;;;
1;high;6;0.23;1146;478;2938;22494.25;00:39:08;19:50:30
0;low;51;0.47;275;4;1207;;;
0;high;0;0;0;0;0;22751.44;00:39:38;19:51:00
1;low;21;0.45;639;61;1493;;;
1;high;12;0.23;566;77;1166;22751.44;00:39:38;19:51:00
0;low;51;0.41;244;6;1155;;;
0;high;0;0;0;0;0;23102.13;00:40:08;19:51:31
1;low;21;0.6;863;154;1926;;;
1;high;16;0.42;789;182;2085;23102.13;00:40:08;19:51:31
0;low;44;0.41;281;5;1068;;;
0;high;0;0;0;0;0;23389.17;00:40:38;19:52:00
1;low;14;0.53;1141;510;2054;;;
1;high;14;0.47;1008;87;2590;23389.17;00:40:38;19:52:00
0;low;45;0.41;271;2;1123;;;
0;high;0;0;0;0;0;23739.85;00:41:08;19:52:31
1;low;13;0.25;580;146;1806;;;
1;high;11;0.16;448;161;843;23739.85;00:41:08;19:52:31
0;low;34;0.47;413;18;1103;;;
0;high;0;0;0;0;0;24046.25;00:41:39;19:53:00
1;low;14;0.48;1025;390;1858;;;
1;high;10;0.67;2011;262;6021;24046.25;00:41:39;19:53:00
0;low;28;0.49;525;14;1121;;;
0;high;0;0;0;0;0;24417.6;00:42:09;19:53:31
1;low;14;0.47;1014;418;3448;;;
1;high;10;0.65;1956;1122;3274;24417.6;00:42:09;19:53:31
0;low;25;0.35;425;29;1110;;;
0;high;0;0;0;0;0;24767.95;00:42:39;19:54:00
1;low;12;0.51;1269;171;2964;;;
1;high;9;0.49;1636;365;2753;24767.95;00:42:39;19:54:00
0;low;25;0.51;615;1;1380;;;
0;high;0;0;0;0;0;25006.12;00:43:09;19:54:31
1;low;11;0.75;2035;364;4904;;;
1;high;11;0.5;1359;95;6652;25006.12;00:43:09;19:54:31
0;low;22;0.23;312;4;854;;;
0;high;0;0;0;0;0;25291.19;00:43:39;19:55:00
1;low;8;0.45;1703;854;3552;;;
1;high;10;0.54;1618;614;5368;25291.19;00:43:39;19:55:00
0;low;30;0.22;222;3;573;;;
0;high;0;0;0;0;0;25657.62;00:44:09;19:55:31
1;low;11;0.42;1148;192;2365;;;
1;high;12;0.36;892;157;2552;25657.62;00:44:09;19:55:31
0;low;42;0.46;327;3;1292;;;
0;high;0;0;0;0;0;26031.92;00:44:39;19:56:02
1;low;15;0.56;1122;107;3647;;;
1;high;13;0.54;1244;37;3149;26031.92;00:44:39;19:56:02
0;low;33;0.39;356;35;691;;;
0;high;0;0;0;0;0;26400.65;00:45:09;19:56:32
1;low;17;0.35;615;78;1464;;;
1;high;16;0.48;892;120;2023;26400.65;00:45:09;19:56:32
0;low;27;0.33;362;13;607;;;
0;high;0;0;0;0;0;26653.24;00:45:39;19:57:02
1;low;12;0.32;791;224;1528;;;
1;high;14;0.53;1128;252;4572;26653.24;00:45:39;19:57:02
0;low;23;0.14;187;7;654;;;
0;high;0;0;0;0;0;26997.37;00:46:10;19:57:32
1;low;8;0.25;924;84;2461;;;
1;high;5;0.29;1756;100;2885;26997.37;00:46:10;19:57:32
0;low;54;0.45;252;2;1142;;;
0;high;0;0;0;0;0;27381.18;00:46:40;19:58:02
1;low;16;0.26;480;104;1485;;;
1;high;15;0.5;1004;131;3419;27381.18;00:46:40;19:58:02
0;low;38;0.5;397;9;1413;;;
0;high;0;0;0;0;0;27772.87;00:47:10;19:58:32
1;low;16;0.49;914;386;2120;;;
1;high;10;0.45;1356;172;4580;27772.87;00:47:10;19:58:32
0;low;37;0.45;365;36;1409;;;
0;high;0;0;0;0;0;28118.31;00:47:40;19:59:02
1;low;16;0.56;1042;354;1636;;;
1;high;7;0.5;2144;709;5121;28118.31;00:47:40;19:59:02
0;low;39;0.4;307;10;1088;;;
0;high;0;0;0;0;0;28491.95;00:48:10;19:59:32
1;low;14;0.32;686;234;1524;;;
1;high;10;0.2;599;121;1966;28491.95;00:48:10;19:59:32
0;low;45;0.41;272;9;1062;;;
0;high;0;0;0;0;0;28910.87;00:48:40;20:00:02
1;low;21;0.51;735;48;2129;;;
1;high;17;0.53;930;255;3166;28910.87;00:48:40;20:00:02
0;low;51;0.46;270;3;1326;;;
0;high;0;0;0;0;0;29316.67;00:49:10;20:00:32
1;low;21;0.51;721;70;2858;;;
1;high;10;0.5;1488;249;5485;29316.67;00:49:10;20:00:32
0;low;47;0.45;289;4;1014;;;
0;high;0;0;0;0;0;29660.46;00:49:40;20:01:02
1;low;18;0.34;559;66;1795;;;
1;high;10;0.36;1080;26;3805;29660.46;00:49:40;20:01:02
0;low;29;0.48;500;14;1193;;;
0;high;0;0;0;0;0;29935.36;00:50:10;20:01:32
1;low;9;0.33;1108;426;1856;;;
1;high;4;0.57;4246;744;10702;29935.36;00:50:10;20:01:32
0;low;54;0.41;229;4;1053;;;
0;high;0;0;0;0;0;30313.61;00:50:41;20:02:03
1;low;18;0.36;603;89;1601;;;
1;high;9;0.26;867;71;3113;30313.61;00:50:41;20:02:03
0;low;56;0.44;236;2;958;;;
0;high;0;0;0;0;0;30692.5;00:51:11;20:02:32
1;low;20;0.41;610;35;1815;;;
1;high;15;0.39;787;56;2312;30692.5;00:51:11;20:02:32
0;low;47;0.47;298;8;1236;;;
0;high;0;0;0;0;0;31064.83;00:51:41;20:03:03
1;low;14;0.28;604;133;1348;;;
1;high;10;0.21;615;256;1863;31064.83;00:51:41;20:03:03
0;low;35;0.5;425;3;1403;;;
0;high;0;0;0;0;0;31448.65;00:52:11;20:03:32
1;low;15;0.48;968;254;1474;;;
1;high;5;0.54;3229;262;12554;31448.65;00:52:11;20:03:32
0;low;23;0.19;241;5;854;;;
0;high;0;0;0;0;0;31851.82;00:52:41;20:04:03
1;low;11;0.23;625;56;1336;;;
1;high;9;0.18;592;30;2120;31851.82;00:52:41;20:04:03
0;low;14;0.11;233;28;479;;;
0;high;0;0;0;0;0;32162.81;00:53:11;20:04:32
1;low;7;0.18;790;183;1629;;;
1;high;5;0.11;683;361;814;32162.81;00:53:11;20:04:32
0;low;12;0.19;484;45;1267;;;
0;high;0;0;0;0;0;32520.71;00:53:41;20:05:03
1;low;5;0.34;2012;280;3956;;;
1;high;7;0.19;805;193;1932;32520.71;00:53:41;20:05:03
0;low;49;0.37;228;4;818;;;
0;high;0;0;0;0;0;32877.3;00:54:11;20:05:32
1;low;16;0.54;1016;158;3327;;;
1;high;13;0.42;965;124;3784;32877.3;00:54:11;20:05:32
0;low;17;0.2;357;37;1392;;;
0;high;0;0;0;0;0;33244.05;00:54:41;20:06:03
1;low;6;0.18;916;364;2048;;;
1;high;3;0.62;6206;928;16427;33244.05;00:54:41;20:06:03
0;low;44;0.42;288;1;1313;;;
0;high;0;0;0;0;0;33640.01;00:55:11;20:06:34
1;low;15;0.51;1019;83;3327;;;
1;high;12;0.48;1203;123;4115;33640.01;00:55:12;20:06:34
0;low;51;0.44;259;10;1032;;;
0;high;0;0;0;0;0;33987.74;00:55:42;20:07:04
1;low;18;0.67;1116;77;2412;;;
1;high;15;0.61;1212;82;3067;33987.74;00:55:42;20:07:04
0;low;36;0.47;388;9;1221;;;
0;high;0;0;0;0;0;34335.47;00:56:12;20:07:34
1;low;11;0.39;1064;11;2475;;;
1;high;8;0.45;1679;562;3389;34335.47;00:56:12;20:07:34
0;low;42;0.46;327;3;1231;;;
0;high;0;0;0;0;0;34691.07;00:56:42;20:08:04
1;low;17;0.48;852;91;3057;;;
1;high;12;0.57;1415;366;4219;34691.07;00:56:42;20:08:04
0;low;42;0.44;313;5;1035;;;
0;high;0;0;0;0;0;35026.02;00:57:12;20:08:34
1;low;18;0.45;756;60;1563;;;
1;high;9;0.24;799;85;1380;35026.02;00:57:12;20:08:34
0;low;41;0.45;331;6;1238;;;
0;high;0;0;0;0;0;35415.08;00:57:42;20:09:04
1;low;10;0.34;1030;119;2024;;;
1;high;7;0.29;1263;537;2734;35415.08;00:57:42;20:09:04
0;low;49;0.46;279;10;1159;;;
0;high;0;0;0;0;0;35818.58;00:58:12;20:09:34
1;low;15;0.36;726;164;1609;;;
1;high;6;0.27;1350;115;4317;35818.58;00:58:12;20:09:34
0;low;41;0.39;284;20;1185;;;
0;high;0;0;0;0;0;36217.16;00:58:42;20:10:04
1;low;9;0.31;1034;468;1490;;;
1;high;7;0.2;858;181;1816;36217.16;00:58:42;20:10:04
0;low;43;0.42;291;9;1019;;;
0;high;0;0;0;0;0;36597.69;00:59:12;20:10:34
1;low;12;0.26;648;105;1323;;;
1;high;11;0.23;634;191;890;36597.69;00:59:12;20:10:34
0;low;29;0.53;549;11;1413;;;
0;high;0;0;0;0;0;36990.36;00:59:42;20:11:04
1;low;15;0.58;1153;369;1684;;;
1;high;5;0.62;3719;158;10993;36990.36;00:59:42;20:11:04
0;low;36;0.55;457;7;1370;;;
0;high;0;0;0;0;0;37424.7;01:00:13;20:11:34
1;low;18;0.56;930;44;3235;;;
1;high;11;0.68;1847;399;6406;37424.7;01:00:13;20:11:34
0;low;38;0.43;337;19;1106;;;
0;high;0;0;0;0;0;37846.57;01:00:43;20:12:04
1;low;19;0.53;836;85;1648;;;
1;high;16;0.4;744;216;1687;37846.57;01:00:43;20:12:04
0;low;24;0.23;293;7;625;;;
0;high;0;0;0;0;0;38182.16;01:01:13;20:12:35
1;low;9;0.35;1160;223;2200;;;
1;high;11;0.55;1489;358;3960;38182.16;01:01:13;20:12:35
0;low;31;0.3;291;9;1014;;;
0;high;0;0;0;0;0;38559.09;01:01:43;20:13:04
1;low;15;0.48;964;243;1655;;;
1;high;13;0.64;1480;610;2203;38559.09;01:01:43;20:13:04
0;low;21;0.18;252;21;707;;;
0;high;0;0;0;0;0;38934.05;01:02:13;20:13:35
1;low;5;0.74;4429;767;15311;;;
1;high;7;0.2;859;143;1930;38934.05;01:02:13;20:13:35
0;low;39;0.36;277;7;761;;;
0;high;0;0;0;0;0;39315.89;01:02:43;20:14:04
1;low;14;0.27;584;158;2380;;;
1;high;12;0.3;738;207;1901;39315.89;01:02:43;20:14:04
0;low;23;0.37;479;39;1265;;;
0;high;0;0;0;0;0;39699.38;01:03:13;20:14:35
1;low;13;0.5;1147;197;2900;;;
1;high;9;0.74;2452;477;6206;39699.38;01:03:13;20:14:35
0;low;22;0.28;376;5;1158;;;
0;high;0;0;0;0;0;40073.69;01:03:43;20:15:04
1;low;10;0.3;901;124;1832;;;
1;high;3;0.12;1181;474;1877;40073.69;01:03:43;20:15:04
0;low;12;0.17;429;14;1342;;;
0;high;0;0;0;0;0;40437.16;01:04:13;20:15:35
1;low;5;0.16;975;499;1939;;;
1;high;4;0.79;5952;452;19395;40437.16;01:04:14;20:15:35
0;low;30;0.43;432;5;1270;;;
0;high;0;0;0;0;0;40741.92;01:04:44;20:16:04
1;low;17;0.49;872;119;3174;;;
1;high;10;0.39;1174;281;3221;40741.92;01:04:44;20:16:04
0;low;32;0.43;399;40;1222;;;
0;high;0;0;0;0;0;41061.77;01:05:14;20:16:35
1;low;12;0.5;1240;437;3067;;;
1;high;9;0.37;1232;339;2275;41061.77;01:05:14;20:16:35
0;low;33;0.4;362;13;920;;;
0;high;0;0;0;0;0;41484.29;01:05:44;20:17:06
1;low;16;0.38;705;62;1960;;;
1;high;12;0.31;775;105;2066;41484.29;01:05:44;20:17:06
0;low;28;0.43;455;69;1334;;;
0;high;0;0;0;0;0;41876.64;01:06:14;20:17:36
1;low;14;0.48;1019;299;3469;;;
1;high;10;0.52;1545;284;3772;41876.64;01:06:14;20:17:36
0;low;38;0.4;315;37;1192;;;
0;high;0;0;0;0;0;42257.83;01:06:44;20:18:06
1;low;10;0.28;848;75;1916;;;
1;high;9;0.45;1487;114;4373;42257.83;01:06:44;20:18:06
0;low;36;0.29;242;9;543;;;
0;high;0;0;0;0;0;42643.29;01:07:14;20:18:36
1;low;15;0.45;905;42;3117;;;
1;high;13;0.31;719;159;2183;42643.29;01:07:14;20:18:36
0;low;40;0.35;259;16;907;;;
0;high;0;0;0;0;0;43007.75;01:07:44;20:19:06
1;low;7;0.32;1377;122;4779;;;
1;high;5;0.12;724;12;2145;43007.75;01:07:44;20:19:06
0;low;45;0.42;281;7;1018;;;
0;high;0;0;0;0;0;43314.8;01:08:14;20:19:36
1;low;3;0.04;437;265;756;;;
1;high;0;0;0;0;0;43314.8;01:08:14;20:19:36
0;low;51;0.38;225;4;901;;;
0;high;0;0;0;0;0;43737.66;01:08:44;20:20:06
1;low;12;0.32;810;307;1699;;;
1;high;14;0.27;588;153;1729;43737.66;01:08:44;20:20:06
0;low;34;0.24;208;20;1126;;;
0;high;0;0;0;0;0;44170.68;01:09:15;20:20:36
1;low;6;0.31;1564;154;6878;;;
1;high;2;0.13;1975;765;3185;44170.68;01:09:15;20:20:36
0;low;1;0.01;164;164;164;;;
0;high;0;0;0;0;0;44659.8;01:09:45;20:21:06
1;low;0;0;0;0;0;;;
1;high;0;0;0;0;0;44659.8;01:09:45;20:21:06
0;low;20;0.16;233;2;532;;;
0;high;0;0;0;0;0;45068.88;01:10:15;20:21:36
1;low;6;0.17;871;23;1626;;;
1;high;6;0.35;1747;977;3243;45068.88;01:10:15;20:21:36
0;low;3;0.02;174;146;203;;;
0;high;0;0;0;0;0;45499.6;01:10:45;20:22:06
1;low;1;0.11;3358;3358;3358;;;
1;high;1;0.06;1786;1786;1786;45499.6;01:10:45;20:22:06
0;low;14;0.15;315;8;776;;;
0;high;0;0;0;0;0;45928.03;01:11:15;20:22:36
1;low;5;0.13;778;166;2227;;;
1;high;4;0.28;2122;439;4930;45928.03;01:11:15;20:22:36
0;low;34;0.33;294;2;1603;;;
0;high;0;0;0;0;0;46322.35;01:11:45;20:23:07
1;low;9;0.4;1346;75;4445;;;
1;high;3;0.3;2967;863;7035;46322.35;01:11:45;20:23:07
0;low;40;0.3;225;2;1069;;;
0;high;0;0;0;0;0;46721.91;01:12:15;20:23:36
1;low;10;0.28;826;43;1688;;;
1;high;6;0.15;771;478;1185;46721.91;01:12:15;20:23:36
0;low;32;0.29;275;7;1179;;;
0;high;0;0;0;0;0;47119.83;01:12:45;20:24:07
1;low;12;0.57;1436;38;4706;;;
1;high;8;0.39;1468;276;4488;47119.83;01:12:45;20:24:07
0;low;28;0.23;247;4;1174;;;
0;high;0;0;0;0;0;47526.28;01:13:15;20:24:36
1;low;7;0.55;2358;126;8829;;;
1;high;3;0.24;2374;574;5953;47526.28;01:13:15;20:24:36
0;low;43;0.28;192;15;652;;;
0;high;0;0;0;0;0;47944.54;01:13:46;20:25:07
1;low;9;0.29;952;142;1905;;;
1;high;6;0.26;1279;377;5044;47944.54;01:13:46;20:25:07
0;low;28;0.3;323;6;1170;;;
0;high;0;0;0;0;0;48379.21;01:14:16;20:25:36
1;low;13;0.45;1029;71;5642;;;
1;high;6;0.22;1091;589;1638;48379.21;01:14:16;20:25:36
0;low;34;0.31;273;4;1023;;;
0;high;0;0;0;0;0;48820.1;01:14:46;20:26:07
1;low;11;0.3;819;91;1786;;;
1;high;7;0.18;767;273;1333;48820.1;01:14:46;20:26:07
0;low;29;0.28;294;2;1303;;;
0;high;0;0;0;0;0;49245.58;01:15:16;20:26:36
1;low;9;0.24;804;267;1943;;;
1;high;5;0.42;2540;983;5165;49245.58;01:15:16;20:26:36
0;low;23;0.18;232;6;981;;;
0;high;0;0;0;0;0;49662.2;01:15:46;20:27:07
1;low;5;0.1;595;90;1130;;;
1;high;2;0.04;638;628;648;49662.2;01:15:46;20:27:07
0;low;28;0.22;236;12;945;;;
0;high;0;0;0;0;0;50072.59;01:16:16;20:27:36
1;low;10;0.32;960;200;3893;;;
1;high;10;0.2;600;88;1535;50072.59;01:16:16;20:27:36
0;low;40;0.3;224;5;1094;;;
0;high;0;0;0;0;0;50502;01:16:46;20:28:08
1;low;10;0.28;837;157;4686;;;
1;high;3;0.23;2333;351;5397;50502;01:16:46;20:28:08
0;low;27;0.19;208;3;865;;;
0;high;0;0;0;0;0;50916.66;01:17:16;20:28:38
1;low;8;0.14;539;193;1132;;;
1;high;6;0.47;2333;537;5759;50916.66;01:17:16;20:28:38
0;low;24;0.23;287;4;1004;;;
0;high;0;0;0;0;0;51348.04;01:17:46;20:29:08
1;low;6;0.23;1138;180;5051;;;
1;high;2;0.04;635;580;691;51348.04;01:17:46;20:29:08
0;low;21;0.16;224;14;828;;;
0;high;0;0;0;0;0;51786.64;01:18:17;20:29:38
1;low;2;0.11;1665;1634;1696;;;
1;high;2;0.19;2872;1287;4457;51786.64;01:18:17;20:29:38
0;low;28;0.25;262;1;1173;;;
0;high;0;0;0;0;0;52226.55;01:18:47;20:30:08
1;low;12;0.22;543;146;1173;;;
1;high;7;0.53;2265;365;5597;52226.55;01:18:47;20:30:08
0;low;23;0.24;313;15;1279;;;
0;high;0;0;0;0;0;52666.79;01:19:17;20:30:38
1;low;8;0.36;1338;157;5337;;;
1;high;3;0.34;3359;2697;4522;52666.79;01:19:17;20:30:38
0;low;34;0.32;283;2;1223;;;
0;high;0;0;0;0;0;53080.79;01:19:47;20:31:08
1;low;10;0.17;513;109;1140;;;
1;high;6;0.25;1238;405;3301;53080.79;01:19:47;20:31:08
0;low;25;0.24;284;9;932;;;
0;high;0;0;0;0;0;53487.9;01:20:17;20:31:38
1;low;8;0.23;862;149;1677;;;
1;high;5;0.31;1875;667;4764;53487.9;01:20:17;20:31:38
0;low;28;0.25;270;1;971;;;
0;high;0;0;0;0;0;53882.54;01:20:47;20:32:08
1;low;7;0.39;1656;202;8140;;;
1;high;5;0.5;2984;946;7554;53882.54;01:20:47;20:32:08
0;low;27;0.25;278;22;1439;;;
0;high;0;0;0;0;0;54253.89;01:21:17;20:32:38
1;low;6;0.18;897;275;1933;;;
1;high;7;0.46;1974;959;5460;54253.89;01:21:17;20:32:38
0;low;30;0.25;246;14;1160;;;
0;high;0;0;0;0;0;54659.36;01:21:47;20:33:08
1;low;7;0.19;814;51;1668;;;
1;high;5;0.23;1382;462;3332;54659.36;01:21:47;20:33:08
0;low;32;0.25;234;7;1055;;;
0;high;0;0;0;0;0;55079.59;01:22:17;20:33:39
1;low;7;0.28;1179;111;4851;;;
1;high;3;0.21;2109;629;4644;55079.59;01:22:17;20:33:39
0;low;43;0.31;216;4;1256;;;
0;high;0;0;0;0;0;55552.31;01:22:48;20:34:08
1;low;5;0.12;711;335;1552;;;
1;high;3;0.26;2594;746;5279;55552.31;01:22:48;20:34:08
0;low;56;0.38;205;5;826;;;
0;high;0;0;0;0;0;56026.34;01:23:18;20:34:39
1;low;10;0.14;418;132;1732;;;
1;high;4;0.08;608;318;797;56026.34;01:23:18;20:34:39
0;low;38;0.43;339;11;1075;;;
0;high;0;0;0;0;0;56495.77;01:23:48;20:35:08
1;low;15;0.42;831;40;2478;;;
1;high;9;0.41;1372;447;2922;56495.77;01:23:48;20:35:08
0;low;34;0.42;367;10;929;;;
0;high;0;0;0;0;0;56973.08;01:24:18;20:35:39
1;low;13;0.32;736;191;2773;;;
1;high;7;0.13;558;62;1124;56973.08;01:24:18;20:35:39
0;low;42;0.39;278;2;1150;;;
0;high;0;0;0;0;0;57424.47;01:24:48;20:36:08
1;low;14;0.36;768;89;2208;;;
1;high;7;0.38;1641;102;2964;57424.47;01:24:48;20:36:08
0;low;31;0.29;284;1;934;;;
0;high;0;0;0;0;0;57864.71;01:25:18;20:36:40
1;low;8;0.24;903;88;2012;;;
1;high;6;0.19;959;501;1691;57864.71;01:25:18;20:36:40
0;low;34;0.24;215;1;1289;;;
0;high;0;0;0;0;0;58253.12;01:25:48;20:37:08
1;low;7;0.26;1124;139;3260;;;
1;high;4;0.38;2866;839;5863;58253.12;01:25:48;20:37:08
0;low;26;0.25;290;9;1030;;;
0;high;0;0;0;0;0;58658.26;01:26:18;20:37:39
1;low;7;0.24;1013;95;3034;;;
1;high;6;0.26;1277;338;4337;58658.26;01:26:18;20:37:39
0;low;23;0.2;267;6;961;;;
0;high;0;0;0;0;0;59087.68;01:26:48;20:38:10
1;low;6;0.36;1787;201;5807;;;
1;high;4;0.16;1176;591;2204;59087.68;01:26:48;20:38:10
0;low;33;0.35;314;7;1056;;;
0;high;0;0;0;0;0;59499.05;01:27:18;20:38:40
1;low;7;0.22;961;249;2646;;;
1;high;6;0.52;2623;1356;4917;59499.05;01:27:19;20:38:40
0;low;29;0.29;296;1;933;;;
0;high;0;0;0;0;0;59922.89;01:27:49;20:39:10
1;low;12;0.46;1152;139;6438;;;
1;high;6;0.27;1332;571;2922;59922.89;01:27:49;20:39:10
0;low;42;0.33;234;9;967;;;
0;high;0;0;0;0;0;60338.2;01:28:19;20:39:40
1;low;19;0.57;903;69;4431;;;
1;high;10;0.54;1625;193;4595;60338.2;01:28:19;20:39:40
0;low;29;0.26;270;7;908;;;
0;high;0;0;0;0;0;60787.29;01:28:49;20:40:10
1;low;10;0.55;1639;175;4605;;;
1;high;8;0.45;1678;489;4606;60787.29;01:28:49;20:40:10
0;low;31;0.3;291;9;918;;;
0;high;0;0;0;0;0;61240;01:29:19;20:40:40
1;low;10;0.15;454;110;1800;;;
1;high;6;0.51;2549;326;6498;61240;01:29:19;20:40:40
0;low;29;0.34;348;23;1347;;;
0;high;0;0;0;0;0;61692.05;01:29:49;20:41:10
1;low;11;0.49;1328;154;4091;;;
1;high;8;0.24;915;43;2422;61692.05;01:29:49;20:41:10
0;low;38;0.26;205;6;1229;;;
0;high;0;0;0;0;0;62120.15;01:30:19;20:41:40
1;low;11;0.43;1172;87;5723;;;
1;high;6;0.43;2166;415;5866;62120.15;01:30:19;20:41:40
0;low;35;0.21;182;1;729;;;
0;high;0;0;0;0;0;62511.84;01:30:49;20:42:10
1;low;9;0.44;1470;169;6818;;;
1;high;5;0.48;2903;588;8366;62511.84;01:30:49;20:42:10
0;low;37;0.36;289;3;1003;;;
0;high;0;0;0;0;0;62946.18;01:31:19;20:42:40
1;low;18;0.44;732;134;2243;;;
1;high;13;0.52;1198;141;2545;62946.18;01:31:19;20:42:40
0;low;35;0.23;197;2;709;;;
0;high;0;0;0;0;0;63379.2;01:31:49;20:43:10
1;low;15;0.75;1505;45;13645;;;
1;high;10;0.23;689;112;1443;63379.2;01:31:50;20:43:10
0;low;46;0.29;189;2;859;;;
0;high;0;0;0;0;0;63852.25;01:32:20;20:43:40
1;low;17;0.53;934;150;4115;;;
1;high;12;0.3;753;83;1602;63852.25;01:32:20;20:43:40
0;low;23;0.24;307;13;936;;;
0;high;0;0;0;0;0;64316.11;01:32:50;20:44:11
1;low;8;0.43;1630;86;5037;;;
1;high;6;0.32;1618;559;4714;64316.11;01:32:50;20:44:11
0;low;36;0.23;193;6;814;;;
0;high;0;0;0;0;0;64773.07;01:33:20;20:44:40
1;low;5;0.34;2018;85;7765;;;
1;high;4;0.31;2338;635;6899;64773.07;01:33:20;20:44:40
0;low;42;0.28;196;2;810;;;
0;high;0;0;0;0;0;65252.03;01:33:50;20:45:11
1;low;11;0.48;1317;119;2307;;;
1;high;8;0.25;948;101;2798;65252.03;01:33:50;20:45:11
0;low;24;0.16;203;2;688;;;
0;high;0;0;0;0;0;65704.73;01:34:20;20:45:40
1;low;5;0.09;523;299;795;;;
1;high;3;0.47;4741;880;12361;65704.73;01:34:20;20:45:40
0;low;31;0.3;288;6;969;;;
0;high;0;0;0;0;0;66168.59;01:34:50;20:46:11
1;low;11;0.52;1415;83;6971;;;
1;high;6;0.41;2056;520;5718;66168.59;01:34:50;20:46:11
0;low;49;0.33;204;1;939;;;
0;high;0;0;0;0;0;66474.99;01:35:20;20:46:40
1;low;20;0.54;805;153;4308;;;
1;high;15;0.57;1135;56;4787;66474.99;01:35:20;20:46:40
0;low;42;0.37;263;3;1191;;;
0;high;0;0;0;0;0;66032.45;01:35:50;20:47:11
1;low;12;0.38;951;195;4094;;;
1;high;8;0.46;1739;602;6739;66032.45;01:35:50;20:47:11
0;low;49;0.33;200;6;1074;;;
0;high;0;0;0;0;0;65672.59;01:36:20;20:47:40
1;low;6;0.21;1039;94;3171;;;
1;high;5;0.14;819;312;1126;65672.59;01:36:21;20:47:40
0;low;30;0.22;223;14;1132;;;
0;high;0;0;0;0;0;65356.68;01:36:51;20:48:11
1;low;1;0.03;1045;1045;1045;;;
1;high;4;0.29;2175;493;4312;65356.68;01:36:51;20:48:11
0;low;29;0.18;186;1;705;;;
0;high;0;0;0;0;0;65057.16;01:37:21;20:48:42
1;low;6;0.27;1354;149;6525;;;
1;high;4;0.38;2842;591;5630;65057.16;01:37:21;20:48:42
0;low;26;0.23;270;35;862;;;
0;high;0;0;0;0;0;64779.31;01:37:51;20:49:12
1;low;5;0.54;3252;179;5642;;;
1;high;4;0.38;2880;863;5528;64779.31;01:37:51;20:49:12
0;low;24;0.27;334;3;1548;;;
0;high;0;0;0;0;0;64507.68;01:38:21;20:49:42
1;low;2;0.43;6458;817;12099;;;
1;high;1;0.01;348;348;348;64507.68;01:38:21;20:49:42
0;low;14;0.08;174;36;522;;;
0;high;0;0;0;0;0;64240.66;01:38:51;20:50:12
1;low;1;0.01;327;327;327;;;
1;high;1;0.05;1591;1591;1591;64240.66;01:38:51;20:50:12
0;low;15;0.13;267;28;1377;;;
0;high;0;0;0;0;0;63991.01;01:39:21;20:50:42
1;low;0;0;0;0;0;;;
1;high;0;0;0;0;0;63991.01;01:39:21;20:50:42
0;low;2;0.02;250;223;277;;;
0;high;0;0;0;0;0;63739.07;01:39:51;20:51:12
1;low;0;0;0;0;0;;;
1;high;0;0;0;0;0;63739.07;01:39:51;20:51:12
0;low;15;0.08;167;3;1066;;;
0;high;0;0;0;0;0;63479.59;01:40:21;20:51:42
1;low;1;0.06;1888;1888;1888;;;
1;high;1;0.06;1888;1888;1888;63479.59;01:40:21;20:51:42
0;low;30;0.27;266;16;1471;;;
0;high;0;0;0;0;0;63209.6;01:40:51;20:52:12
1;low;0;0;0;0;0;;;
1;high;0;0;0;0;0;63209.6;01:40:51;20:52:12
0;low;26;0.23;265;5;1480;;;
0;high;0;0;0;0;0;62936.01;01:41:22;20:52:42
1;low;2;0.18;2644;1086;4203;;;
1;high;0;0;0;0;0;62936.01;01:41:22;20:52:42
0;low;32;0.21;201;17;1061;;;
0;high;0;0;0;0;0;62639.13;01:41:52;20:53:12
1;low;3;0.3;2953;364;6180;;;
1;high;1;0.08;2499;2499;2499;62639.13;01:41:52;20:53:12
0;low;37;0.27;219;5;1020;;;
0;high;0;0;0;0;0;62347.49;01:42:22;20:53:43
1;low;2;0.33;4957;648;9267;;;
1;high;1;0.04;1106;1106;1106;62347.49;01:42:22;20:53:43
0;low;21;0.21;295;14;887;;;
0;high;0;0;0;0;0;62081.12;01:42:52;20:54:12
1;low;5;0.53;3168;47;8075;;;
1;high;2;0.55;8241;6178;10304;62081.12;01:42:52;20:54:12
0;low;26;0.26;298;6;1338;;;
0;high;0;0;0;0;0;61823.93;01:43:22;20:54:43
1;low;2;0.33;5002;419;9586;;;
1;high;0;0;0;0;0;61823.93;01:43:22;20:54:43
0;low;2;0.02;234;204;265;;;
0;high;0;0;0;0;0;61582.16;01:43:52;20:55:12
1;low;1;0.05;1359;1359;1359;;;
1;high;1;0.05;1625;1625;1625;61582.16;01:43:52;20:55:12
0;low;22;0.13;176;5;857;;;
0;high;0;0;0;0;0;61354.49;01:44:22;20:55:43
1;low;1;0.71;21181;21181;21181;;;
1;high;0;0;0;0;0;61354.49;01:44:22;20:55:43
0;low;7;0.08;322;50;822;;;
0;high;0;0;0;0;0;61124.86;01:44:52;20:56:12
1;low;0;0;0;0;0;;;
1;high;0;0;0;0;0;61124.86;01:44:52;20:56:12
0;low;25;0.18;217;5;1002;;;
0;high;0;0;0;0;0;60869.3;01:45:22;20:56:43
1;low;3;0.2;2036;27;4713;;;
1;high;1;0.05;1516;1516;1516;60869.3;01:45:22;20:56:43
0;low;43;0.24;166;16;947;;;
0;high;0;0;0;0;0;60571.44;01:45:53;20:57:12
1;low;1;0.02;698;698;698;;;
1;high;0;0;0;0;0;60571.44;01:45:53;20:57:12
0;low;50;0.34;202;4;1077;;;
0;high;0;0;0;0;0;60240.44;01:46:23;20:57:43
1;low;2;0.05;753;722;785;;;
1;high;2;0.12;1740;1172;2309;60240.44;01:46:23;20:57:43
0;low;29;0.25;260;5;1486;;;
0;high;0;0;0;0;0;59913.37;01:46:53;20:58:12
1;low;2;0.06;923;335;1512;;;
1;high;1;0.29;8629;8629;8629;59913.37;01:46:53;20:58:12
0;low;16;0.13;237;1;1157;;;
0;high;0;0;0;0;0;59608.29;01:47:23;20:58:43
1;low;1;0.19;5810;5810;5810;;;
1;high;3;0.07;689;457;826;59608.29;01:47:23;20:58:43
0;low;32;0.22;207;5;1015;;;
0;high;0;0;0;0;0;59321.91;01:47:53;20:59:14
1;low;1;0.26;7735;7735;7735;;;
1;high;2;0.06;908;880;937;59321.91;01:47:53;20:59:14
0;low;14;0.12;264;17;918;;;
0;high;0;0;0;0;0;59086.36;01:48:23;20:59:44
1;low;1;0.56;16672;16672;16672;;;
1;high;0;0;0;0;0;59086.36;01:48:23;20:59:44
0;low;11;0.1;281;48;1013;;;
0;high;0;0;0;0;0;58879.37;01:48:53;21:00:14
1;low;4;0.03;256;72;460;;;
1;high;0;0;0;0;0;58879.37;01:48:53;21:00:14
0;low;32;0.22;205;7;996;;;
0;high;0;0;0;0;0;58670.73;01:49:23;21:00:44
1;low;3;0.12;1152;603;2119;;;
1;high;1;0.16;4880;4880;4880;58670.73;01:49:23;21:00:44
0;low;16;0.15;283;14;1436;;;
0;high;0;0;0;0;0;58449.63;01:49:53;21:01:14
1;low;3;0.08;804;173;1365;;;
1;high;2;0.04;533;267;799;58449.63;01:49:53;21:01:14
0;low;27;0.3;330;20;1149;;;
0;high;0;0;0;0;0;58205.88;01:50:24;21:01:44
1;low;4;0.18;1316;387;3290;;;
1;high;2;0.08;1221;897;1546;58205.88;01:50:24;21:01:44
0;low;19;0.17;268;9;1352;;;
0;high;0;0;0;0;0;57921.46;01:50:54;21:02:14
1;low;4;0.29;2191;491;5850;;;
1;high;3;0.07;677;476;925;57921.46;01:50:54;21:02:14
0;low;39;0.29;221;4;942;;;
0;high;0;0;0;0;0;57658.7;01:51:24;21:02:44
1;low;2;0.26;3828;547;7109;;;
1;high;0;0;0;0;0;57658.7;01:51:24;21:02:44
0;low;45;0.33;223;6;975;;;
0;high;0;0;0;0;0;57382.48;01:51:54;21:03:14
1;low;0;0;0;0;0;;;
1;high;0;0;0;0;0;57382.48;01:51:54;21:03:14
0;low;9;0.06;200;8;1057;;;
0;high;0;0;0;0;0;57091.83;01:52:24;21:03:44
1;low;0;0;0;0;0;;;
1;high;0;0;0;0;0;57091.83;01:52:24;21:03:44
0;low;25;0.25;304;5;1261;;;
0;high;0;0;0;0;0;56809.06;01:52:54;21:04:15
1;low;6;0.61;3028;635;8849;;;
1;high;5;0.21;1245;730;1632;56809.06;01:52:54;21:04:15
0;low;39;0.31;242;3;1204;;;
0;high;0;0;0;0;0;56431.48;01:53:24;21:04:44
1;low;13;0.34;780;138;3051;;;
1;high;11;0.58;1584;220;3371;56431.48;01:53:24;21:04:44
0;low;33;0.29;264;2;1267;;;
0;high;0;0;0;0;0;56066.03;01:53:54;21:05:15
1;low;10;0.58;1741;127;5485;;;
1;high;8;0.61;2274;416;5870;56066.03;01:53:54;21:05:15
0;low;15;0.27;547;24;1146;;;
0;high;0;0;0;0;0;55685.49;01:54:24;21:05:44
1;low;7;0.36;1548;291;6031;;;
1;high;7;0.36;1531;385;5729;55685.49;01:54:24;21:05:44
0;low;38;0.32;251;1;1158;;;
0;high;0;0;0;0;0;55291.18;01:54:54;21:06:15
1;low;9;0.49;1628;117;5184;;;
1;high;8;0.24;883;415;1407;55291.18;01:54:54;21:06:15
0;low;28;0.3;326;7;1258;;;
0;high;0;0;0;0;0;54907.69;01:55:25;21:06:44
1;low;14;0.47;1015;84;3053;;;
1;high;9;0.68;2256;296;7916;54907.69;01:55:25;21:06:44
0;low;17;0.22;386;1;1060;;;
0;high;0;0;0;0;0;54635.08;01:55:55;21:07:15
1;low;3;0.2;1977;576;4478;;;
1;high;6;0.16;779;413;1174;54635.08;01:55:55;21:07:15
0;low;19;0.17;270;7;901;;;
0;high;0;0;0;0;0;54349.02;01:56:25;21:07:44
1;low;3;0.21;2070;1130;3936;;;
1;high;5;0.11;669;493;901;54349.02;01:56:25;21:07:44
0;low;41;0.34;251;21;1458;;;
0;high;0;0;0;0;0;54074.78;01:56:55;21:08:15
1;low;1;0.22;6530;6530;6530;;;
1;high;1;0.21;6187;6187;6187;54074.78;01:56:55;21:08:15
0;low;29;0.28;289;2;1030;;;
0;high;0;0;0;0;0;53840.22;01:57:25;21:08:44
1;low;4;0.31;2317;325;6862;;;
1;high;2;0.45;6777;6702;6853;53840.22;01:57:25;21:08:44
0;low;4;0.06;454;178;796;;;
0;high;0;0;0;0;0;53568.6;01:57:55;21:09:15
1;low;1;0.04;1344;1344;1344;;;
1;high;2;0.07;984;796;1173;53568.6;01:57:55;21:09:15
0;low;18;0.25;422;37;1149;;;
0;high;0;0;0;0;0;53274.34;01:58:25;21:09:46
1;low;5;0.41;2435;1335;4819;;;
1;high;7;0.36;1534;510;3945;53274.34;01:58:25;21:09:46
0;low;26;0.35;409;3;1144;;;
0;high;0;0;0;0;0;53010.59;01:58:55;21:10:16
1;low;7;0.19;813;17;2195;;;
1;high;3;0.19;1888;926;2939;53010.59;01:58:55;21:10:16
0;low;36;0.21;173;3;715;;;
0;high;0;0;0;0;0;52719.28;01:59:25;21:10:46
1;low;6;0.09;461;135;911;;;
1;high;3;0.09;855;715;1130;52719.28;01:59:26;21:10:46
0;low;43;0.3;211;11;861;;;
0;high;0;0;0;0;0;52449.95;01:59:56;21:11:16
1;low;2;0.09;1293;770;1817;;;
1;high;2;0.24;3649;1009;6289;52449.95;01:59:56;21:11:16
0;low;15;0.12;234;26;1140;;;
0;high;0;0;0;0;0;52178.99;02:00:26;21:11:46
1;low;4;0.63;4721;183;17210;;;
1;high;1;0.04;1303;1303;1303;52178.99;02:00:26;21:11:46
0;low;20;0.18;266;34;1109;;;
0;high;0;0;0;0;0;51924.75;02:00:56;21:12:16
1;low;1;0.37;11244;11244;11244;;;
1;high;2;0.11;1716;547;2886;51924.75;02:00:56;21:12:16
0;low;32;0.28;265;4;1074;;;
0;high;0;0;0;0;0;51673.79;02:01:26;21:12:46
1;low;5;0.33;1985;589;6678;;;
1;high;2;0.06;826;739;913;51673.79;02:01:26;21:12:46
0;low;38;0.32;250;6;965;;;
0;high;0;0;0;0;0;51428.74;02:01:56;21:13:16
1;low;2;0.07;1000;741;1259;;;
1;high;3;0.1;1043;899;1243;51428.74;02:01:56;21:13:16
0;low;28;0.22;232;3;1028;;;
0;high;0;0;0;0;0;51162.7;02:02:26;21:13:46
1;low;1;0.06;1920;1920;1920;;;
1;high;1;0.04;1076;1076;1076;51162.7;02:02:26;21:13:46
0;low;12;0.12;306;35;1035;;;
0;high;0;0;0;0;0;50907.47;02:02:56;21:14:16
1;low;2;0.06;940;411;1469;;;
1;high;1;0.27;8029;8029;8029;50907.47;02:02:56;21:14:16
0;low;39;0.22;170;10;1030;;;
0;high;0;0;0;0;0;50648.31;02:03:26;21:14:47
1;low;2;0.09;1419;1067;1772;;;
1;high;1;0.03;947;947;947;50648.31;02:03:26;21:14:47
0;low;8;0.07;255;21;897;;;
0;high;0;0;0;0;0;50384.89;02:03:56;21:15:16
1;low;1;0.18;5348;5348;5348;;;
1;high;1;0.07;1973;1973;1973;50384.89;02:03:57;21:15:16
0;low;22;0.16;212;13;1125;;;
0;high;0;0;0;0;0;50127.38;02:04:27;21:15:47
1;low;1;0.02;506;506;506;;;
1;high;1;0.03;995;995;995;50127.38;02:04:27;21:15:47
0;low;50;0.38;230;4;1051;;;
0;high;0;0;0;0;0;49882.65;02:04:57;21:16:16
1;low;3;0.34;3429;1130;7029;;;
1;high;2;0.07;981;821;1142;49882.65;02:04:57;21:16:16
0;low;39;0.28;213;1;719;;;
0;high;0;0;0;0;0;49626.44;02:05:27;21:16:47
1;low;3;0.37;3706;576;9505;;;
1;high;2;0.34;5115;1026;9204;49626.44;02:05:27;21:16:47
0;low;12;0.13;313;7;1061;;;
0;high;0;0;0;0;0;49354.49;02:05:57;21:17:16
1;low;1;0.02;502;502;502;;;
1;high;0;0;0;0;0;49354.49;02:05:57;21:17:16
0;low;22;0.21;287;2;1551;;;
0;high;0;0;0;0;0;49098.94;02:06:27;21:17:47
1;low;5;0.19;1145;313;3165;;;
1;high;4;0.27;2050;842;3637;49098.94;02:06:27;21:17:47
0;low;38;0.36;282;1;1111;;;
0;high;0;0;0;0;0;48847;02:06:57;21:18:16
1;low;3;0.06;602;209;996;;;
1;high;2;0.23;3499;824;6175;48847;02:06:57;21:18:16
0;low;14;0.12;258;30;873;;;
0;high;0;0;0;0;0;48598.01;02:07:27;21:18:47
1;low;3;0.37;3687;578;5319;;;
1;high;2;0.26;3865;873;6858;48598.01;02:07:27;21:18:47
0;low;46;0.36;234;1;1028;;;
0;high;0;0;0;0;0;48324.09;02:07:57;21:19:18
1;low;6;0.23;1159;91;2722;;;
1;high;2;0.07;1016;994;1038;48324.09;02:07:57;21:19:18
0;low;22;0.19;261;14;1242;;;
0;high;0;0;0;0;0;48048.21;02:08:27;21:19:48
1;low;6;0.37;1837;215;8421;;;
1;high;4;0.07;516;334;684;48048.21;02:08:28;21:19:48
0;low;29;0.19;193;7;844;;;
0;high;0;0;0;0;0;47766.09;02:08:58;21:20:18
1;low;3;0.22;2210;266;5917;;;
1;high;2;0.37;5551;841;10261;47766.09;02:08:58;21:20:18
0;low;32;0.24;228;4;1257;;;
0;high;0;0;0;0;0;47428.85;02:09:28;21:20:48
1;low;5;0.37;2213;242;7348;;;
1;high;3;0.45;4530;624;8775;47428.85;02:09:28;21:20:48
0;low;18;0.19;312;1;1128;;;
0;high;0;0;0;0;0;47096.21;02:09:58;21:21:18
1;low;2;0.07;1018;613;1424;;;
1;high;3;0.05;545;294;726;47096.21;02:09:58;21:21:18
0;low;45;0.29;192;3;956;;;
0;high;0;0;0;0;0;46791.13;02:10:28;21:21:48
1;low;18;0.23;381;43;1136;;;
1;high;7;0.13;536;46;1069;46791.13;02:10:28;21:21:48
0;low;55;0.1;56;6;466;;;
0;high;0;0;0;0;0;46487.68;02:10:58;21:22:18
1;low;12;0.65;1635;82;8367;;;
1;high;14;0.57;1228;82;5948;46487.68;02:10:58;21:22:18
0;low;58;0.35;182;6;913;;;
0;high;0;0;0;0;0;46216.06;02:11:28;21:22:48
1;low;27;0.42;466;17;2077;;;
1;high;16;0.4;751;119;1929;46216.06;02:11:28;21:22:48
0;low;92;0.22;73;7;556;;;
0;high;0;0;0;0;0;45926.06;02:11:58;21:23:18
1;low;33;0.58;530;21;2220;;;
1;high;40;0.6;452;122;1505;45926.06;02:11:58;21:23:18
0;low;97;0.22;68;1;550;;;
0;high;0;0;0;0;0;45619.01;02:12:28;21:23:48
1;low;36;0.56;462;18;1560;;;
1;high;31;0.59;569;83;1900;45619.01;02:12:28;21:23:48
